{
  "current": {
    "use_about": true,
    "about_title": "ABOUT US",
    "about_desc": "",
    "use_about_link": true,
    "about_link_text": "Contact Us",
    "about_link": "pages\/contact-us",
    "use_about_video": false,
    "about_video": "",
    "use_background": false,
    "use_homepage_post": true,
    "homepage_post_title": "Rug Gallery Blog",
    "post_per_page": "3",
    "home_blog_handle": "news",
    "display_copyright": true,
    "copyright_info": "",
    "display_powered": false,
    "payment_amex": true,
    "payment_cirrus": false,
    "payment_discover": true,
    "payment_google": false,
    "payment_maestro": false,
    "payment_mastercard": true,
    "payment_paypal": false,
    "payment_visa": true,
    "use_brand": false,
    "brandlogo_title": "OUR BRANDS",
    "use_brandlogo1": false,
    "brandlogo1link": "",
    "use_brandlogo2": false,
    "brandlogo2link": "",
    "use_brandlogo3": false,
    "brandlogo3link": "",
    "use_brandlogo4": false,
    "brandlogo4link": "",
    "use_brandlogo5": false,
    "brandlogo5link": "",
    "use_brandlogo6": false,
    "brandlogo6link": "",
    "use_brandlogo7": false,
    "brandlogo7link": "",
    "use_brandlogo8": false,
    "brandlogo8link": "#8",
    "use_brandlogo9": false,
    "brandlogo9link": "#9",
    "use_brandlogo10": false,
    "brandlogo10link": "#10",
    "cart_page_title": "Shopping Cart",
    "cart_notes": true,
    "collection_page_amount": "24",
    "collections_page_title": "All Collections",
    "primary_color": "#ff3333",
    "secondary_color": "#ff3333",
    "body_background_color": "#ffffff",
    "body_text_color": "#888888",
    "footer_color": "#363839",
    "footer_text_color": "#dddddd",
    "footer_social_link_color": "#dddddd",
    "breadcrumb_bg_color": "#f2f2f2",
    "use_contact_map": true,
    "map_height": "400",
    "marker_type": "address",
    "marker_desc": "Visit the Rug Gallery at Concord Mills today!",
    "marker_latitude": "35.37476",
    "marker_longtitude": "-80.72584",
    "map_address": "8455 Pit Stop Ct. NW Ste. 125",
    "map_zoom": "15",
    "contact_form_title": "<div class=\"ribbon-bottom margin-top\"> <div class=\"wrapper\">Contact Us!<\/div> <\/div>",
    "use_contact_info": true,
    "contact_info_title": "CONTACT INFO",
    "footer_contact_address": "8455 Pit Stop Ct. NW <br>\r\nSte. 125<br>\r\nConcord, NC 28027",
    "footer_contact_phone1": "<a href=\"tel:+1-704-979-7847\">(704) 979-RUGS<\/a>",
    "footer_contact_phone2": "",
    "footer_contact_email1": "yaser@concordmillsrugs.com",
    "footer_contact_email2": "hayrullah@concordmillsrugs.com",
    "footer_contact_opentime": "We are open: Monday - Saturday, 10AM - 7PM and\r\nSunday 12PM to 5PM",
    "footer_display_contact": false,
    "footer_contact_title": "Contact Us",
    "footer_display_social": true,
    "twitter_link": "RMI",
    "facebook_link": "RMI",
    "linkedin_link": "",
    "pinterest_link": "",
    "google_plus_link": "",
    "instagram_link": "",
    "tumblr_link": "",
    "youtube_link": "",
    "vimeo_link": "",
    "footer_display_menu": true,
    "footer_menu_title": "Footer Menu",
    "footer_display_block": true,
    "footer_block_title": "",
    "footer_block_code": "RMI",
    "use_frontpage_collection": false,
    "frontpage_collection_title": "FEATURED PRODUCTS",
    "frontpage_collection_amount": "8",
    "use_frontpage_collections": false,
    "use_frontpage_collections_bg": true,
    "frontpage_collections_title": "OUR CATEGORIES",
    "frontpage_collections_cols": "3",
    "use_logo": true,
    "logo_max_width": "450px",
    "header_background": "#ffffff",
    "header_height": "90px",
    "header_small_height": "90px",
    "homepage_order": "A-B-D-C-E-H-I-G-F-J",
    "nav_text_color": "#888888",
    "nav_hover_bgcolor": "#f2f2f2",
    "display_newsletter": false,
    "newsletter_intro": "Subscribe to our newsletter to receive special offers and discount codes by email",
    "mailing_list_form_action": "\/\/ruggalleroutlet.us10.list-manage.com\/subscribe\/post?u=ff7150e854ad99f035502a53b&amp;id=3b4fc810bf",
    "enable_fancybox": true,
    "related_products": true,
    "related_products_title": "We Also Recommend",
    "use_ribbon_slider": true,
    "ribbon_slider_text": "We offer the largest selection of high quality area rugs at outlet prices",
    "ribbon_slider_color": "#ffffff",
    "ribbon_slider_bg": "#003333",
    "use_ribbon_slider_margin": false,
    "use_ribbon_bottom": true,
    "ribbon_bottom_text": "Questions? Call us and we'll be happy to help. <a href=\"tel:+1-704-979-7847\">(704) 979-RUGS<\/a>",
    "ribbon_bottom_color": "#ffffff",
    "ribbon_bottom_bg": "#003333",
    "sidebar_collection": true,
    "sidebar_collection_position": "left",
    "sidebar_collection_desc": true,
    "sidebar_product_type": false,
    "sidebar_product_type_title": "Product Types",
    "sidebar_vendor": false,
    "sidebar_vendor_title": "Vendors",
    "sidebar_featured_product": false,
    "sidebar_featured_product_title": "Featured Products",
    "sidebar_product_tag": false,
    "sidebar_product_tag_title": "Popular Tags",
    "sidebar_product_block": true,
    "sidebar_product_block_code": "<a><img class=\"featured-image\" alt=\"Eames kitchen cabinets\" src=\"\/\/cdn.shopify.com\/s\/files\/1\/0757\/8887\/files\/sale-tag2.jpg?620226832208068252\"><\/a>\r\n\r\n\r\n\r\n<a href=\"http:\/\/ruggalleryoutlet.com\/pages\/return-policy\"><img class=\"featured-image\" alt=\"Eames kitchen cabinets\" src=\"\/\/cdn.shopify.com\/s\/files\/1\/0757\/8887\/files\/return-policy.jpg?12518560021929854499 \"><\/a>",
    "sidebar_product": false,
    "sidebar_product_position": "left",
    "sidebar_product_product_block": true,
    "sidebar_product_product_block_code": "<a href=\"http:\/\/funity.myshopify.com\/collections\/all\"><img class=\"featured-image\" alt=\"Eames kitchen cabinets\" src=\"\/\/cdn.shopify.com\/s\/files\/1\/0572\/5445\/t\/2\/assets\/saleoff50.jpg?4722 \"><\/a>",
    "sidebar_product_product_type": true,
    "sidebar_product_product_type_title": "Product Types",
    "sidebar_product_vendor": false,
    "sidebar_product_vendor_title": "Vendors",
    "sidebar_product_featured_product": true,
    "sidebar_product_featured_product_title": "Featured Products",
    "sidebar_blog": true,
    "sidebar_blog_position": "right",
    "sidebar_recent_article": true,
    "sidebar_recent_article_title": "Recent Posts",
    "sidebar_blog_tag": true,
    "sidebar_blog_tag_title": "Blog Tags",
    "use_slider": true,
    "slider_time": "10000",
    "slider_animation": "fade",
    "slider_animation_time": "600",
    "slider_control": true,
    "slider_direction": true,
    "use_slide1": true,
    "slide1_title": "",
    "slide1_desc": "",
    "use_slide2": true,
    "slide2_title": "",
    "slide2_desc": "",
    "use_slide3": true,
    "slide3_title": "",
    "slide3_desc": "",
    "use_slide4": false,
    "slide4_title": "Find the perfect rug",
    "slide4_desc": "",
    "use_slide5": false,
    "slide5_title": "",
    "slide5_desc": "",
    "use_google_font": false,
    "google_font_embed": "<link href='http:\/\/fonts.googleapis.com\/css?family=Open+Sans' rel='stylesheet' type='text\/css'>\r\n<link href='http:\/\/fonts.googleapis.com\/css?family=Oswald:400,700,300' rel='stylesheet' type='text\/css'>",
    "heading_google_font": "Oswald",
    "text_google_font": "Open Sans",
    "button_google_font": "Oswald",
    "ribbon_google_font": "Oswald",
    "use_welcome": true,
    "welcome_title": "Welcome to Rug Gallery at Concord Mills!",
    "welcome_desc": "Conveniently located across from North Carolina's biggest tourist attraction, the Rug Gallery at Concord Mills can cater to all your rug needs, whether you live in Charlotte, NC or surrounding cities like Huntersville, and Rock Hill. We have visitors who have traveled as far as Charleston, SC because of our reputation of having the highest quality rugs at outlet prices and a huge selection of rugs in stock.",
    "use_welcome_link": true,
    "welcome_link_text": "Visit Us Today!",
    "welcome_link": "\/pages\/contact-us",
    "use_welcome_image": false,
    "checkout_header_image": "",
    "checkout_use_storefront_logo": false,
    "checkout_logo_image": "",
    "checkout_logo_position": "left",
    "checkout_logo_size": "medium",
    "checkout_body_background_image": "",
    "checkout_body_background_color": "#fff",
    "checkout_input_background_color_mode": "white",
    "checkout_sidebar_background_image": "",
    "checkout_sidebar_background_color": "#fafafa",
    "checkout_heading_font": "Helvetica Neue",
    "checkout_body_font": "Helvetica Neue",
    "checkout_accent_color": "#2a9dcc",
    "checkout_button_color": "#2a9dcc",
    "checkout_error_color": "#ff6d6d",
    "checkout_use_header_image": false,
    "checkout_logo": "",
    "checkout_use_body_background_image": false,
    "checkout_use_sidebar_background_image": false,
    "checkout_banner_background_color": "#ffffff",
    "checkout_headline": "",
    "checkout_call_to_action_color": "#8fc243",
    "customer_layout": "theme",
    "products_added_text": "Item was added to your cart",
    "twittercard_handle": "",
    "ajax_cart_method": "modal",
    "ajax_cart": "false",
    "product_quantity": "true",
    "footer_contact_text": "<ul>\r\n<li><i class=\"fa fa-map-marker\"><\/i>1234 Heaven Stress, Beverly Hill NewYork<\/li>\r\n<li><i class=\"fa  fa-phone\"><\/i>(800) 0123 4567 890<br \/>(800) 0987 654 321<\/li>\r\n<li><i class=\"fa fa-envelope-o\"><\/i>support@yourdomain.com<br \/>support2@yourdomain.com<\/li>\r\n<\/ul>",
    "footer_menu_code": "<ul>\r\n<li><a href=\"#\">Delivery Information<\/a><\/li>\r\n<li><a href=\"#\">Privacy Policy<\/a><\/li>\r\n<li><a href=\"#\">Terms & Condition<\/a><\/li>\r\n<li><a href=\"#\">Contact Us<\/a><\/li>\r\n<\/ul>",
    "footer_tweet_title": "Latest tweets",
    "footer_tweet_code": "<a class=\"twitter-timeline\" data-dnt=\"true\" href=\"https:\/\/twitter.com\/thaihavnn07\"  data-widget-id=\"354444473482240001\">Tweets by @thaihavnn07<\/a>\r\n    <script>!function(d,s,id){var js,fjs=d.getElementsByTagName(s)[0],p=\/^http:\/.test(d.location)?'http':'https';if(!d.getElementById(id)){js=d.createElement(s);js.id=id;js.src=p+\":\/\/platform.twitter.com\/widgets.js\";fjs.parentNode.insertBefore(js,fjs);}}(document,\"script\",\"twitter-wjs\");<\/script>",
    "footer_display_tweet": "true",
    "footer_display_custom": "true",
    "footer_display_newsletter": "true",
    "footer_newsletter_title": "Newsletter",
    "slider_fade": "fade",
    "slider_slide": "slide",
    "slider_effect": "1500",
    "user_slider": "true",
    "footer_social_title": "Follow Us",
    "fancy_link": "",
    "accent_color": "#ffea00",
    "content_for_index": []
  }
}