[
  {
    "name": "Welcome",
    "settings": [
      {
        "type": "header",
        "content": "Funity Theme for Shopify"
      },
      {
        "type": "paragraph",
        "content": "Funity theme is based on Timber Theme Framework by [Shopify](http:\/\/www.shopify.com)"
      }
    ]
  },
  {
    "name": "About section",
    "settings": [
      {
        "type": "header",
        "content": "About section settings"
      },
      {
        "type": "checkbox",
        "id": "use_about",
        "label": "Show about section"
      },
      {
        "type": "text",
        "id": "about_title",
        "label": "Title",
        "default": "ABOUT US"
      },
      {
        "type": "textarea",
        "id": "about_desc",
        "label": "About description",
        "default": "The About Us page of your shop is vital because it’s where users go when first trying to determine a level of trust. Since trust is such an important part of selling online, it’s a good idea to give people a fair amount information about yourself and your shop. Here are a few things you should touch on: Who you are Why you sell the items you sell Where you are located..."
      },
      {
        "type": "checkbox",
        "id": "use_about_link",
        "label": "Show link"
      },
      {
        "type": "text",
        "id": "about_link_text",
        "label": "Link text",
        "default": "READ MORE"
      },
      {
        "type": "text",
        "id": "about_link",
        "label": "Link",
        "default": "pages\/about-us"
      },
      {
        "type": "checkbox",
        "id": "use_about_video",
        "label": "Video"
      },
      {
        "type": "textarea",
        "id": "about_video",
        "label": "Use Vimeo\/YouTube embed code to show your video. (recommend video width is 570 pixels)"
      }
    ]
  },
  {
    "name": "Background pattern",
    "settings": [
      {
        "type": "checkbox",
        "id": "use_background",
        "label": "Use background pattern"
      },
      {
        "type": "image",
        "id": "bgpattern.png",
        "label": "Background pattern",
        "max-width": 500,
        "info": "Maximum background image dimensions are 500px wide"
      }
    ]
  },
  {
    "name": "Blog settings",
    "settings": [
      {
        "type": "checkbox",
        "id": "use_homepage_post",
        "label": "Show posts on home page"
      },
      {
        "type": "text",
        "id": "homepage_post_title",
        "label": "Title",
        "default": "FROM THE BLOG"
      },
      {
        "type": "text",
        "id": "post_per_page",
        "label": "Blog page: Amount of post per page",
        "default": "5"
      },
      {
        "type": "text",
        "id": "home_blog_handle",
        "label": "Home page blog handle",
        "default": "news",
        "info": "Your main blog to show articles on home page at blog section (example: news)"
      }
    ]
  },
  {
    "name": "Bottom Information",
    "settings": [
      {
        "type": "checkbox",
        "id": "display_copyright",
        "label": "Show Copyright information"
      },
      {
        "type": "text",
        "id": "copyright_info",
        "label": "Copyright information",
        "default": "Copyright © 2014 Funity. All Rights Reserved."
      },
      {
        "type": "checkbox",
        "id": "display_powered",
        "label": "Show powered by Shopify"
      },
      {
        "type": "header",
        "content": "Payment icons"
      },
      {
        "type": "checkbox",
        "id": "payment_amex",
        "label": "American Express"
      },
      {
        "type": "checkbox",
        "id": "payment_cirrus",
        "label": "Cirrus"
      },
      {
        "type": "checkbox",
        "id": "payment_discover",
        "label": "Discover"
      },
      {
        "type": "checkbox",
        "id": "payment_google",
        "label": "Google Checkout"
      },
      {
        "type": "checkbox",
        "id": "payment_maestro",
        "label": "Maestro"
      },
      {
        "type": "checkbox",
        "id": "payment_mastercard",
        "label": "Master Card"
      },
      {
        "type": "checkbox",
        "id": "payment_paypal",
        "label": "Paypal"
      },
      {
        "type": "checkbox",
        "id": "payment_visa",
        "label": "Visa"
      }
    ]
  },
  {
    "name": "Brand logos",
    "settings": [
      {
        "type": "header",
        "content": "Brand logos settings"
      },
      {
        "type": "checkbox",
        "id": "use_brand",
        "label": "Show brand logos"
      },
      {
        "type": "text",
        "id": "brandlogo_title",
        "label": "Title",
        "default": "OUR BRANDS"
      },
      {
        "type": "header",
        "content": "Brand logo image"
      },
      {
        "type": "checkbox",
        "id": "use_brandlogo1",
        "label": "Logo 1 image"
      },
      {
        "type": "image",
        "id": "brandlogo1.jpg",
        "max-width": 204
      },
      {
        "type": "text",
        "id": "brandlogo1link",
        "label": "Link:"
      },
      {
        "type": "checkbox",
        "id": "use_brandlogo2",
        "label": "Logo 2 image"
      },
      {
        "type": "image",
        "id": "brandlogo2.jpg",
        "max-width": 204
      },
      {
        "type": "text",
        "id": "brandlogo2link",
        "label": "Link:"
      },
      {
        "type": "checkbox",
        "id": "use_brandlogo3",
        "label": "Logo 3 image"
      },
      {
        "type": "image",
        "id": "brandlogo3.jpg",
        "max-width": 204
      },
      {
        "type": "text",
        "id": "brandlogo3link",
        "label": "Link:"
      },
      {
        "type": "checkbox",
        "id": "use_brandlogo4",
        "label": "Logo 4 image"
      },
      {
        "type": "image",
        "id": "brandlogo4.jpg",
        "max-width": 204
      },
      {
        "type": "text",
        "id": "brandlogo4link",
        "label": "Link:"
      },
      {
        "type": "checkbox",
        "id": "use_brandlogo5",
        "label": "Logo 5 image"
      },
      {
        "type": "image",
        "id": "brandlogo5.jpg",
        "max-width": 204
      },
      {
        "type": "text",
        "id": "brandlogo5link",
        "label": "Link:"
      },
      {
        "type": "checkbox",
        "id": "use_brandlogo6",
        "label": "Logo 6 image"
      },
      {
        "type": "image",
        "id": "brandlogo6.jpg",
        "max-width": 204
      },
      {
        "type": "text",
        "id": "brandlogo6link",
        "label": "Link:"
      },
      {
        "type": "checkbox",
        "id": "use_brandlogo7",
        "label": "Logo 7 image"
      },
      {
        "type": "image",
        "id": "brandlogo7.jpg",
        "max-width": 204
      },
      {
        "type": "text",
        "id": "brandlogo7link",
        "label": "Link:"
      },
      {
        "type": "checkbox",
        "id": "use_brandlogo8",
        "label": "Logo 8 image"
      },
      {
        "type": "image",
        "id": "brandlogo8.jpg",
        "max-width": 204
      },
      {
        "type": "text",
        "id": "brandlogo8link",
        "label": "Link:"
      },
      {
        "type": "checkbox",
        "id": "use_brandlogo9",
        "label": "Logo 9 image"
      },
      {
        "type": "image",
        "id": "brandlogo9.jpg",
        "max-width": 204
      },
      {
        "type": "text",
        "id": "brandlogo9link",
        "label": "Link:"
      },
      {
        "type": "checkbox",
        "id": "use_brandlogo10",
        "label": "Logo 10 image"
      },
      {
        "type": "image",
        "id": "brandlogo10.jpg",
        "max-width": 204
      },
      {
        "type": "text",
        "id": "brandlogo10link",
        "label": "Link:"
      }
    ]
  },
  {
    "name": "Cart page",
    "settings": [
      {
        "type": "text",
        "id": "cart_page_title",
        "label": "Page title",
        "default": "Shopping Cart"
      },
      {
        "type": "checkbox",
        "id": "cart_notes",
        "label": "Allow customers to add notes to their order"
      }
    ]
  },
  {
    "name": "Collection Page",
    "settings": [
      {
        "type": "text",
        "id": "collection_page_amount",
        "label": "Amount of products per page",
        "default": "9"
      }
    ]
  },
  {
    "name": "Collections Page",
    "settings": [
      {
        "type": "text",
        "id": "collections_page_title",
        "label": "Page title",
        "default": "All Collections"
      }
    ]
  },
  {
    "name": "Colors",
    "settings": [
      {
        "type": "header",
        "content": "General Colors"
      },
      {
        "type": "color",
        "id": "primary_color",
        "label": "Primary Color",
        "default": "#1ae2d6",
        "info": "Used for text links and 'on sale' label"
      },
      {
        "type": "color",
        "id": "secondary_color",
        "label": "Secondary Color",
        "default": "#17cbc0",
        "info": "Used for buttons"
      },
      {
        "type": "header",
        "content": "Body and Text Colors"
      },
      {
        "type": "color",
        "id": "body_background_color",
        "label": "Body Background",
        "default": "#ffffff"
      },
      {
        "type": "color",
        "id": "body_text_color",
        "label": "Body Text",
        "default": "#888888"
      },
      {
        "type": "header",
        "content": "Footer Colors"
      },
      {
        "type": "color",
        "id": "footer_color",
        "label": "Footer Background",
        "default": "#363839"
      },
      {
        "type": "color",
        "id": "footer_text_color",
        "label": "Footer Text",
        "default": "#dddddd"
      },
      {
        "type": "color",
        "id": "footer_social_link_color",
        "label": "Social Icons",
        "default": "#dddddd"
      },
      {
        "type": "header",
        "content": "Breadcrumbs Colors"
      },
      {
        "type": "color",
        "id": "breadcrumb_bg_color",
        "label": "Breadcrumbs Background",
        "default": "#f2f2f2"
      }
    ]
  },
  {
    "name": "Contact",
    "settings": [
      {
        "type": "header",
        "content": "Map settings"
      },
      {
        "type": "checkbox",
        "id": "use_contact_map",
        "label": "Show Google Map"
      },
      {
        "type": "text",
        "id": "map_height",
        "label": "Map height",
        "default": "400",
        "info": "Map height in pixels, default is 400"
      },
      {
        "type": "radio",
        "id": "marker_type",
        "label": "Marker type",
        "options": [
          {
            "value": "coordinate",
            "label": "Coordinate"
          },
          {
            "value": "address",
            "label": "Address"
          }
        ]
      },
      {
        "type": "textarea",
        "id": "marker_desc",
        "label": "Marker description"
      },
      {
        "type": "text",
        "id": "marker_latitude",
        "label": "Latitude",
        "default": "51.50657"
      },
      {
        "type": "text",
        "id": "marker_longtitude",
        "label": "Longtitude",
        "default": "-0.13408"
      },
      {
        "type": "text",
        "id": "map_address",
        "label": "Address",
        "default": "Pall Mall, London, England"
      },
      {
        "type": "text",
        "id": "map_zoom",
        "label": "Zoom level",
        "default": "15"
      },
      {
        "type": "header",
        "content": "Contact form settings"
      },
      {
        "type": "text",
        "id": "contact_form_title",
        "label": "Contact form title",
        "default": "WE'D LOVE TO HEAR FROM YOU, LETS GET IN TOUCH!"
      },
      {
        "type": "header",
        "content": "Contact info settings"
      },
      {
        "type": "checkbox",
        "id": "use_contact_info",
        "label": "Show contact info"
      },
      {
        "type": "text",
        "id": "contact_info_title",
        "label": "Contact info title",
        "default": "CONTACT INFO"
      },
      {
        "type": "textarea",
        "id": "footer_contact_address",
        "label": "Address"
      },
      {
        "type": "text",
        "id": "footer_contact_phone1",
        "label": "Phone number #1"
      },
      {
        "type": "text",
        "id": "footer_contact_phone2",
        "label": "Phone number #2"
      },
      {
        "type": "text",
        "id": "footer_contact_email1",
        "label": "Email #1"
      },
      {
        "type": "text",
        "id": "footer_contact_email2",
        "label": "Email #2"
      },
      {
        "type": "textarea",
        "id": "footer_contact_opentime",
        "label": "Open time"
      }
    ]
  },
  {
    "name": "Footer",
    "settings": [
      {
        "type": "checkbox",
        "id": "footer_display_contact",
        "label": "Show footer contact info"
      },
      {
        "type": "text",
        "id": "footer_contact_title",
        "label": "Footer contact title",
        "default": "CONTACT US"
      },
      {
        "type": "checkbox",
        "id": "footer_display_social",
        "label": "Show social media links"
      },
      {
        "type": "text",
        "id": "twitter_link",
        "label": "Twitter link"
      },
      {
        "type": "text",
        "id": "facebook_link",
        "label": "Facebook link"
      },
      {
        "type": "text",
        "id": "linkedin_link",
        "label": "LinkedIn link"
      },
      {
        "type": "text",
        "id": "pinterest_link",
        "label": "Pinterest link"
      },
      {
        "type": "text",
        "id": "google_plus_link",
        "label": "Google Plus link"
      },
      {
        "type": "text",
        "id": "instagram_link",
        "label": "Instagram link"
      },
      {
        "type": "text",
        "id": "tumblr_link",
        "label": "Tumblr link"
      },
      {
        "type": "text",
        "id": "youtube_link",
        "label": "YouTube link"
      },
      {
        "type": "text",
        "id": "vimeo_link",
        "label": "Vimeo link"
      },
      {
        "type": "checkbox",
        "id": "footer_display_menu",
        "label": "Show footer menu"
      },
      {
        "type": "text",
        "id": "footer_menu_title",
        "label": "Footer menu title",
        "default": "Footer Menu"
      },
      {
        "type": "checkbox",
        "id": "footer_display_block",
        "label": "Show custom block"
      },
      {
        "type": "text",
        "id": "footer_block_title",
        "label": "Custom block title",
        "default": "Custom Block"
      },
      {
        "type": "textarea",
        "id": "footer_block_code",
        "label": "Custom block content",
        "info": "Basic HTML formatting is allowed"
      }
    ]
  },
  {
    "name": "Frontpage collection",
    "settings": [
      {
        "type": "checkbox",
        "id": "use_frontpage_collection",
        "label": "Show frontpage collection"
      },
      {
        "type": "text",
        "id": "frontpage_collection_title",
        "label": "Title",
        "default": "FEATURED PRODUCTS"
      },
      {
        "type": "select",
        "id": "frontpage_collection_amount",
        "label": "Number of product to show",
        "options": [
          {
            "value": "4",
            "label": "4"
          },
          {
            "value": "8",
            "label": "8"
          },
          {
            "value": "12",
            "label": "12"
          },
          {
            "value": "16",
            "label": "16"
          }
        ],
        "default": "8"
      }
    ]
  },
  {
    "name": "Frontpage collections",
    "settings": [
      {
        "type": "checkbox",
        "id": "use_frontpage_collections",
        "label": "Show frontpage collections"
      },
      {
        "type": "checkbox",
        "id": "use_frontpage_collections_bg",
        "label": "Use grey background"
      },
      {
        "type": "text",
        "id": "frontpage_collections_title",
        "label": "Title",
        "default": "OUR CATEGORIES"
      },
      {
        "type": "select",
        "id": "frontpage_collections_cols",
        "label": "Amount of columns",
        "options": [
          {
            "value": "3",
            "label": "3"
          },
          {
            "value": "4",
            "label": "4"
          }
        ],
        "default": "3"
      }
    ]
  },
  {
    "name": "Header",
    "settings": [
      {
        "type": "checkbox",
        "id": "use_logo",
        "label": "Use Custom Logo"
      },
      {
        "type": "image",
        "id": "logo.png",
        "label": "Custom Logo",
        "max-width": 450,
        "max-height": 200,
        "info": "Maximum logo dimensions are 450px wide by 200px high. The uploaded file will be resized to fit within those constraints."
      },
      {
        "type": "text",
        "id": "logo_max_width",
        "label": "Max Logo Width",
        "default": "450px",
        "info": "Defines the CSS max-width. Include the unit (px, em, %, etc)."
      },
      {
        "type": "color",
        "id": "header_background",
        "label": "Header background color",
        "default": "#fff"
      },
      {
        "type": "text",
        "id": "header_height",
        "label": "Header height",
        "default": "90px",
        "info": "The header height in pixel."
      },
      {
        "type": "text",
        "id": "header_small_height",
        "label": "Header small height",
        "default": "60px",
        "info": "The header height when scroll down."
      }
    ]
  },
  {
    "name": "Home page ordering",
    "settings": [
      {
        "type": "paragraph",
        "content": "Use this section list for home page ordering"
      },
      {
        "type": "paragraph",
        "content": "A - Slider B - Ribbon Slider C - Welcome D - Categories E - Featured Products F - Newsletter G - Blog Posts H - Brands Logo I - Ribbon Bottom J - About"
      },
      {
        "type": "text",
        "id": "homepage_order",
        "label": "Order",
        "default": "A-B-C-D-E-F-G-H-I-J",
        "info": "Write down home page ordering here, don't forget the '-' between all uppercase characters.Default ordering is A-B-C-D-E-F-G-H-I-J"
      }
    ]
  },
  {
    "name": "Navigator",
    "settings": [
      {
        "type": "color",
        "id": "nav_text_color",
        "label": "Navigator text color",
        "default": "#888888"
      },
      {
        "type": "color",
        "id": "nav_hover_bgcolor",
        "label": "Navigator hover background color",
        "default": "#f2f2f2"
      }
    ]
  },
  {
    "name": "Newsletter",
    "settings": [
      {
        "type": "checkbox",
        "id": "display_newsletter",
        "label": "Show Newsletter"
      },
      {
        "type": "text",
        "id": "newsletter_intro",
        "label": "Newsletter intro text",
        "default": "Subscribe to our newsletter to recieve special offers and discount codes by email"
      },
      {
        "type": "text",
        "id": "mailing_list_form_action",
        "label": "MailChimp Form Action URL",
        "info": "[Where do I find my MailChimp form action URL?](http:\/\/docs.shopify.com\/support\/configuration\/store-customization\/where-do-i-get-my-mailchimp-form-action)"
      },
      {
        "type": "image",
        "id": "newsletterbg.jpg",
        "label": "Newsletter background image",
        "max-width": 1920
      }
    ]
  },
  {
    "name": "Product Page",
    "settings": [
      {
        "type": "checkbox",
        "id": "enable_fancybox",
        "label": "Enable fancybox"
      },
      {
        "type": "checkbox",
        "id": "related_products",
        "label": "Enable Related Products"
      },
      {
        "type": "text",
        "id": "related_products_title",
        "label": "Related Products Title"
      }
    ]
  },
  {
    "name": "Ribbons",
    "settings": [
      {
        "type": "header",
        "content": "Ribbon slider"
      },
      {
        "type": "checkbox",
        "id": "use_ribbon_slider",
        "label": "Use ribbon under slider"
      },
      {
        "type": "text",
        "id": "ribbon_slider_text",
        "label": "Ribbon text",
        "default": "We are offering the most modern furniture, look for things you like now!"
      },
      {
        "type": "color",
        "id": "ribbon_slider_color",
        "label": "Text color",
        "default": "#ffffff"
      },
      {
        "type": "color",
        "id": "ribbon_slider_bg",
        "label": "Background color",
        "default": "#979d95"
      },
      {
        "type": "checkbox",
        "id": "use_ribbon_slider_margin",
        "label": "Use top margin"
      },
      {
        "type": "header",
        "content": "Ribbon bottom"
      },
      {
        "type": "checkbox",
        "id": "use_ribbon_bottom",
        "label": "Use ribbon at bottom"
      },
      {
        "type": "text",
        "id": "ribbon_bottom_text",
        "label": "Ribbon text",
        "default": "Call us now and order your furniture products - 012 3456 789"
      },
      {
        "type": "color",
        "id": "ribbon_bottom_color",
        "label": "Text color",
        "default": "#ffffff"
      },
      {
        "type": "color",
        "id": "ribbon_bottom_bg",
        "label": "Background color",
        "default": "#979d95"
      }
    ]
  },
  {
    "name": "Sidebar settings",
    "settings": [
      {
        "type": "header",
        "content": "Collection sidebar"
      },
      {
        "type": "checkbox",
        "id": "sidebar_collection",
        "label": "Show collection sidebar"
      },
      {
        "type": "select",
        "id": "sidebar_collection_position",
        "label": "Sidebar position",
        "options": [
          {
            "value": "left",
            "label": "Left"
          },
          {
            "value": "right",
            "label": "Right"
          }
        ],
        "default": "right"
      },
      {
        "type": "checkbox",
        "id": "sidebar_collection_desc",
        "label": "Show collection description"
      },
      {
        "type": "checkbox",
        "id": "sidebar_product_type",
        "label": "Show product types"
      },
      {
        "type": "text",
        "id": "sidebar_product_type_title",
        "default": "Product Types"
      },
      {
        "type": "checkbox",
        "id": "sidebar_vendor",
        "label": "Show vendors"
      },
      {
        "type": "text",
        "id": "sidebar_vendor_title",
        "default": "Vendors"
      },
      {
        "type": "checkbox",
        "id": "sidebar_featured_product",
        "label": "Show featured products"
      },
      {
        "type": "text",
        "id": "sidebar_featured_product_title",
        "default": "Featured Products"
      },
      {
        "type": "checkbox",
        "id": "sidebar_product_tag",
        "label": "Show tags"
      },
      {
        "type": "text",
        "id": "sidebar_product_tag_title",
        "default": "Popular Tags"
      },
      {
        "type": "checkbox",
        "id": "sidebar_product_block",
        "label": "Show custom block"
      },
      {
        "type": "textarea",
        "id": "sidebar_product_block_code",
        "label": "Custom block content",
        "info": "Basic HTML formatting is allowed"
      },
      {
        "type": "header",
        "content": "Product sidebar"
      },
      {
        "type": "checkbox",
        "id": "sidebar_product",
        "label": "Show product sidebar"
      },
      {
        "type": "select",
        "id": "sidebar_product_position",
        "label": "Sidebar position",
        "options": [
          {
            "value": "left",
            "label": "Left"
          },
          {
            "value": "right",
            "label": "Right"
          }
        ],
        "default": "right"
      },
      {
        "type": "checkbox",
        "id": "sidebar_product_product_block",
        "label": "Show custom block"
      },
      {
        "type": "textarea",
        "id": "sidebar_product_product_block_code",
        "label": "Custom block content",
        "info": "Basic HTML formatting is allowed"
      },
      {
        "type": "checkbox",
        "id": "sidebar_product_product_type",
        "label": "Show product types"
      },
      {
        "type": "text",
        "id": "sidebar_product_product_type_title",
        "default": "Product Types"
      },
      {
        "type": "checkbox",
        "id": "sidebar_product_vendor",
        "label": "Show vendors"
      },
      {
        "type": "text",
        "id": "sidebar_product_vendor_title",
        "default": "Vendors"
      },
      {
        "type": "checkbox",
        "id": "sidebar_product_featured_product",
        "label": "Show featured products"
      },
      {
        "type": "text",
        "id": "sidebar_product_featured_product_title",
        "default": "Featured Products"
      },
      {
        "type": "header",
        "content": "Blog sidebar"
      },
      {
        "type": "checkbox",
        "id": "sidebar_blog",
        "label": "Show blog sidebar"
      },
      {
        "type": "select",
        "id": "sidebar_blog_position",
        "label": "Sidebar position",
        "options": [
          {
            "value": "left",
            "label": "Left"
          },
          {
            "value": "right",
            "label": "Right"
          }
        ],
        "default": "right"
      },
      {
        "type": "checkbox",
        "id": "sidebar_recent_article",
        "label": "Show recent articles"
      },
      {
        "type": "text",
        "id": "sidebar_recent_article_title",
        "default": "Recent Posts"
      },
      {
        "type": "checkbox",
        "id": "sidebar_blog_tag",
        "label": "Show blog tags"
      },
      {
        "type": "text",
        "id": "sidebar_blog_tag_title",
        "default": "Blog Tags"
      }
    ]
  },
  {
    "name": "Slider",
    "settings": [
      {
        "type": "header",
        "content": "Slider settings"
      },
      {
        "type": "checkbox",
        "id": "use_slider",
        "label": "Use Slider"
      },
      {
        "type": "text",
        "id": "slider_time",
        "label": "Time between each slide (miliseconds)",
        "default": "7000"
      },
      {
        "type": "radio",
        "id": "slider_animation",
        "label": "Slider animation",
        "options": [
          {
            "value": "fade",
            "label": "Fade"
          },
          {
            "value": "slide",
            "label": "Slide"
          }
        ]
      },
      {
        "type": "text",
        "id": "slider_animation_time",
        "label": "Time for animation (miliseconds)",
        "default": "600"
      },
      {
        "type": "checkbox",
        "id": "slider_control",
        "label": "Show navigation for paging control of each slide"
      },
      {
        "type": "checkbox",
        "id": "slider_direction",
        "label": "Show navigation for previous\/next navigation"
      },
      {
        "type": "header",
        "content": "Slider images"
      },
      {
        "type": "checkbox",
        "id": "use_slide1",
        "label": "Slide 1 image"
      },
      {
        "type": "image",
        "id": "slide1.jpg",
        "max-width": 1920
      },
      {
        "type": "text",
        "id": "slide1_title",
        "label": "Slide 1 title",
        "default": "Slide 1 title"
      },
      {
        "type": "textarea",
        "id": "slide1_desc",
        "label": "Slide 1 description",
        "default": "The description for the slide"
      },
      {
        "type": "checkbox",
        "id": "use_slide2",
        "label": "Slide 2 image"
      },
      {
        "type": "image",
        "id": "slide2.jpg",
        "max-width": 2920
      },
      {
        "type": "text",
        "id": "slide2_title",
        "label": "Slide 2 title",
        "default": "Slide 2 title"
      },
      {
        "type": "textarea",
        "id": "slide2_desc",
        "label": "Slide 2 description",
        "default": "The description for the slide"
      },
      {
        "type": "checkbox",
        "id": "use_slide3",
        "label": "Slide 3 image"
      },
      {
        "type": "image",
        "id": "slide3.jpg",
        "max-width": 3930
      },
      {
        "type": "text",
        "id": "slide3_title",
        "label": "Slide 3 title",
        "default": "Slide 3 title"
      },
      {
        "type": "textarea",
        "id": "slide3_desc",
        "label": "Slide 3 description",
        "default": "The description for the slide"
      },
      {
        "type": "checkbox",
        "id": "use_slide4",
        "label": "Slide 4 image"
      },
      {
        "type": "image",
        "id": "slide4.jpg",
        "max-width": 4940
      },
      {
        "type": "text",
        "id": "slide4_title",
        "label": "Slide 4 title",
        "default": "Slide 4 title"
      },
      {
        "type": "textarea",
        "id": "slide4_desc",
        "label": "Slide 4 description",
        "default": "The description for the slide"
      },
      {
        "type": "checkbox",
        "id": "use_slide5",
        "label": "Slide 5 image"
      },
      {
        "type": "image",
        "id": "slide5.jpg",
        "max-width": 5950
      },
      {
        "type": "text",
        "id": "slide5_title",
        "label": "Slide 5 title",
        "default": "Slide 5 title"
      },
      {
        "type": "textarea",
        "id": "slide5_desc",
        "label": "Slide 5 description",
        "default": "The description for the slide"
      }
    ]
  },
  {
    "name": "Typography",
    "settings": [
      {
        "type": "header",
        "content": "Google font settings"
      },
      {
        "type": "checkbox",
        "id": "use_google_font",
        "label": "Use google fonts"
      },
      {
        "type": "textarea",
        "id": "google_font_embed",
        "label": "Google font embed code"
      },
      {
        "type": "text",
        "id": "heading_google_font",
        "label": "Heading font"
      },
      {
        "type": "text",
        "id": "text_google_font",
        "label": "Text font"
      },
      {
        "type": "text",
        "id": "button_google_font",
        "label": "Button font"
      },
      {
        "type": "text",
        "id": "ribbon_google_font",
        "label": "Ribbon font"
      }
    ]
  },
  {
    "name": "Welcome section",
    "settings": [
      {
        "type": "header",
        "content": "Welcome section settings"
      },
      {
        "type": "checkbox",
        "id": "use_welcome",
        "label": "Show welcome section"
      },
      {
        "type": "text",
        "id": "welcome_title",
        "label": "Title",
        "default": "WELCOME TO FUNITY"
      },
      {
        "type": "textarea",
        "id": "welcome_desc",
        "label": "Welcome description",
        "default": "Funity is an elegant and responsive Shopify theme which dynamically adjusts for all screen sizes and devices. Your shop will look great and will be easy to use on desktops, laptops, tablets and mobile smartphones."
      },
      {
        "type": "checkbox",
        "id": "use_welcome_link",
        "label": "Show link"
      },
      {
        "type": "text",
        "id": "welcome_link_text",
        "label": "Link text",
        "default": "READ MORE"
      },
      {
        "type": "text",
        "id": "welcome_link",
        "label": "Link",
        "default": "pages\/theme-features"
      },
      {
        "type": "checkbox",
        "id": "use_welcome_image",
        "label": "Welcome image"
      },
      {
        "type": "image",
        "id": "welcome_image.png",
        "max-width": 570
      }
    ]
  }
]